Word,Pinyin,POS,Translation
岸,àn,名,"shore, coast, bank"
案例,ànlì,名,"case, example"
按摩,ànmó,动,massage
暗示,ànshì,动,"to hint, to imply"
昂贵,ángguì,形,expensive
白白,báibái,副,"in vain, for nothing"
白领,báilǐng,名,white-collar worker
摆,bǎi,动,"to place, to arrange"
摆放,bǎifàng,动,"to put, to place"
百分点,bǎifēndiǎn,名,percentage point
百货,bǎihuò,名,department store
摆脱,bǎituō,动,"to get rid of, to break away from"
败,bài,动,"to be defeated, to fail"
拜访,bàifǎng,动,"to visit, to call on"
拜年,bàinián,动,to pay a New Year's visit
版,bǎn,名、量,"edition, version; measure word for editions"
版本,bǎnběn,名,version
伴随,bànsuí,动,to accompany
扮演,bànyǎn,动,"to play the role of, to act as"
榜样,bǎngyàng,名,"example, model"
棒球,bàngqiú,名,baseball
保管,bǎoguǎn,动,"to take care of, to keep"
保健,bǎojiàn,动,health care
保暖,bǎonuǎn,动,to keep warm
保修,bǎoxiū,动,to guarantee repair
保障,bǎozhàng,动、名,"to ensure, to guarantee; guarantee"
爆,bào,动,"to explode, to burst"
爆发,bàofā,动,to break out
报刊,bàokān,名,newspapers and magazines
暴力,bàolì,名,violence
暴露,bàolù,动,to expose
报社,bàoshè,名,newspaper office
爆炸,bàozhà,动,to explode
悲观,bēiguān,形,pessimistic
悲剧,bēijù,名,tragedy
悲伤,bēishāng,形,sad
北极,běijí,名,North Pole
北美洲,Běiměizhōu,名,North America
被动,bèidòng,形,passive
被迫,bèipò,动,to be forced
背心,bèixīn,名,"vest, undershirt"
备用,bèiyòng,动,"standby, backup"
倍增,bèizēng,动,to double
奔跑,bēnpǎo,动,to run
本能,běnnéng,名、副,instinct; instinctively
本身,běnshēn,代,itself
本土,běntǔ,名,"local, native territory"
逼,bī,动,to force
比方,bǐfang,动,"to analogize, to compare"
比重,bǐzhòng,名,proportion
闭,bì,动,to close
避,bì,动,to avoid
必修,bìxiū,形,compulsory (course)
编,biān,动,"to weave, to edit, to write"
编辑,biānjí,动、名,to edit; editor
编写,biānxiě,动,to write
遍地,biàndì,动、副,"all over, everywhere; everywhere"
便捷,biànjié,形,"convenient, fast"
变质,biànzhì,动,"to go bad, to deteriorate"
兵,bīng,名,soldier
病毒,bìngdú,名,virus
播,bō,动,to broadcast
播种,bōzhǒng,动,to sow seeds
博览会,bólǎnhuì,名,"exposition, fair"
薄弱,bóruò,形,"weak, fragile"
脖子,bózi,名,neck
不耐烦,bú nàifán,,impatient
不顾,búgù,动,"to disregard, to ignore"
不料,búliào,连,"unexpectedly, to one's surprise"
不适,búshì,形,"uncomfortable, unwell"
不至于,búzhìyú,动,"not to the extent of, unlikely to"
补,bǔ,动,"to supplement, to make up"
捕,bǔ,动,"to catch, to capture"
补偿,bǔcháng,动,to compensate
补课,bǔkè,动,to make up a missed lesson
补贴,bǔtiē,动、名,to subsidize; subsidy
补习,bǔxí,动,to take supplementary lessons
布,bù,名,cloth
不安,bù’ān,形,"uneasy, anxious"
不曾,bùcéng,副,"never, not yet"
不成,bùchéng,动、形、助,"won't do, not work; no good; used in rhetorical questions"
不得,bùdé,动,"must not, cannot"
部队,bùduì,名,"troops, army"
不禁,bùjīn,副,"cannot help but, cannot refrain from"
不时,bùshí,副、名,"at times, occasionally; sometimes"
部位,bùwèi,名,"position, part"
不许,bùxǔ,动,"not allowed, forbidden"
不宜,bùyí,动,"not advisable, should not"
不已,bùyǐ,动,"endlessly, without stop"
布置,bùzhì,动,"to arrange, to decorate"
不止,bùzhǐ,动、副,to not stop; incessantly
步骤,bùzhòu,名,"step, procedure"
猜测,cāicè,动,to guess
财产,cáichǎn,名,"property, assets"
财富,cáifù,名,wealth
才华,cáihuá,名,talent
才能,cáinéng,名,"ability, talent"
财务,cáiwù,名,"finance, financial affairs"
财物,cáiwù,名,"property, belongings"
材质,cáizhì,名,"material, texture"
踩,cǎi,动,to step on
采购,cǎigòu,动、名,to purchase; procurement
彩虹,cǎihóng,名,rainbow
采集,cǎijí,动,"to collect, to gather"
采纳,cǎinà,动,"to adopt, to accept"
彩票,cǎipiào,名,lottery ticket
参展,cānzhǎn,动,to participate in an exhibition
残疾,cánjí,名,disability
仓库,cāngkù,名,warehouse
草原,cǎoyuán,名,"grassland, prairie"
侧,cè,名、动,side; to lean to one side
策划,cèhuà,动,"to plan, to plot"
测量,cèliáng,动,to measure
策略,cèlüè,名,"strategy, tactic"
层次,céngcì,名,"level, layer"
层面,céngmiàn,名,"level, dimension"
叉,chā,名、动,"fork; to cross, to fork"
差异,chāyì,名,difference
插座,chāzuò,名,"socket, outlet"
查询,cháxún,动,"to query, to check"
拆除,chāichú,动,"to demolish, to remove"
产出,chǎnchū,动,"to produce, to yield"
产地,chǎndì,名,"place of origin, producing area"
肠,cháng,名,intestine
长短,chángduǎn,名,"length, duration"
常规,chángguī,名、形,"convention, rule; conventional"
常年,chángnián,副、名,all year round; perennial
长寿,chángshòu,形,longevity
常温,chángwēn,名,room temperature
场次,chǎngcì,名,"number of performances, sessions"
场地,chǎngdì,名,"site, location"
场馆,chǎngguǎn,名,"venue, stadium, exhibition center"
场合,chǎnghé,名,"occasion, situation"
厂家,chǎngjiā,名,manufacturer
场景,chǎngjǐng,名,scene
场面,chǎngmiàn,名,"scene, spectacle"
厂商,chǎngshāng,名,"manufacturer, company"
畅通,chàngtōng,形,"unimpeded, clear"
畅销,chàngxiāo,动,to sell well
抄,chāo,动,"to copy, to transcribe"
超越,chāoyuè,动,"to surpass, to exceed"
朝代,cháodài,名,dynasty
潮流,cháoliú,名,"trend, tide"
潮湿,cháoshī,形,"damp, humid"
嘲笑,cháoxiào,动,"to mock, to ridicule"
炒股,chǎogǔ,动,to speculate in stocks
吵架,chǎojià,动,to quarrel
撤回,chèhuí,动,"to withdraw, to recall"
撤销,chèxiāo,动,"to cancel, to abolish"
沉重,chénzhòng,形,"heavy, burdensome"
趁,chèn,介,to take advantage of
撑,chēng,动,"to prop up, to support"
称号,chēnghào,名,"title, appellation"
称呼,chēnghu,动、名,to address; form of address
称作,chēngzuò,动,to be called
成,chéng,量,measure word for one-tenth
乘,chéng,动,"to ride, to take"
盛,chéng,动,"to hold, to contain"
承办,chéngbàn,动,"to undertake, to contract"
惩罚,chéngfá,动,to punish
成交,chéngjiāo,动,"to conclude a deal, to transact"
承诺,chéngnuò,动,"to promise, to commit"
成千上万,chéngqiān-,,"tens of thousands, numerous"
呈现,chéngxiàn,动,"to present, to appear"
成效,chéngxiào,名,"effect, result"
诚信,chéngxìn,形,"honest, trustworthy"
成语,chéngyǔ,名,"idiom, chengyu"
城镇,chéngzhèn,名,"town, small city"
持久,chíjiǔ,形,"lasting, enduring"
持有,chíyǒu,动,"to hold, to possess"
尺,chǐ,量、名,measure word for length; ruler
尺寸,chǐcùn,名,size
冲动,chōngdòng,名、形,impulse; impulsive
冲击,chōngjī,动,"impact, shock, to assault"
充实,chōngshí,形、动,"substantial, rich; to enrich"
冲突,chōngtū,动,conflict; to conflict
崇拜,chóngbài,动,"to worship, to adore"
重建,chóngjiàn,动,to rebuild
冲,chòng,动、介,towards; with the force of
抽奖,chōujiǎng,动,"to draw a prize, to enter a lucky draw"
抽象,chōuxiàng,形,abstract
愁,chóu,动,to worry
筹备,chóubèi,动,"to prepare, to make arrangements"
初步,chūbù,形,"preliminary, initial"
出场,chūchǎng,动,"to appear on stage, to enter"
初等,chūděng,形,elementary
出境,chūjìng,动,to leave the country
出力,chūlì,动,"to exert effort, to contribute"
出名,chūmíng,形,"famous, well-known"
出入,chūrù,名,discrepancy
出示,chūshì,动,"to show, to present"
出游,chūyóu,动,to go on a trip
出于,chūyú,动,"out of, due to"
除,chú,动、介,"to remove, to divide; except"
除非,chúfēi,连,unless
储存,chǔcún,动,"to store, to keep"
处罚,chǔfá,动,to punish
储蓄,chǔxù,动、名,"to save, to deposit; savings"
处处,chùchù,副,everywhere
穿过,chuānguò,动,"to go through, to pass through"
传承,chuánchéng,动,to inherit and carry forward
传达,chuándá,动,"to convey, to pass on"
传染,chuánrǎn,动,to infect
传染病,chuánrǎnbìng,名,infectious disease
传授,chuánshòu,动,"to impart, to teach"
传输,chuánshū,动,"to transmit, to transfer"
传真,chuánzhēn,名,fax
船只,chuánzhī,名,"ship, vessel"
串,chuàn,名、量,"string, bunch; measure word for strings"
窗又,chuāngkǒu,名,window
闯,chuǎng,动,"to rush, to break in"
创办,chuàngbàn,动,"to establish, to found"
创建,chuàngjiàn,动,"to establish, to create"
创立,chuànglì,动,"to found, to set up"
创意,chuàngyì,名、动,creativity; creative
垂直,chuízhí,动,to be vertical
纯,chún,形、副,pure; purely
瓷器,cíqì,名,porcelain
此刻,cǐkè,名,this moment
刺,cì,动、名,"to stab, to prick; thorn"
次数,cìshù,名,number of times
匆匆,cōngcōng,形,"hasty, hurried"
匆忙,cōngmáng,形,"hasty, hurried"
从未,cóngwèi,副,"never, ever"
从业,cóngyè,动,"to be employed, to work in a profession"
醋,cù,名,vinegar
脆,cuì,形,"crisp, brittle"
脆弱,cuìruò,形,"fragile, weak"
村庄,cūnzhuāng,名,village
存储,cúnchǔ,动,to store
寸,cùn,量,"cun, Chinese inch"
挫折,cuòzhé,动,to frustrate
搭,dā,动,"to build, to set up"
搭配,dāpèi,动、形,"to match, to pair; matching"
答复,dáfù,动,"to reply, to answer"
打交道,dǎ jiāodao,,"to come into contact with, to deal with"
打动,dǎdòng,动,"to move, to touch"
打击,dǎjī,动,"to strike, to attack"
打架,dǎjià,动,to fight
打卡,dǎkǎ,动,to punch in
打雷,dǎléi,动,to thunder
打造,dǎzào,动,"to create, to build"
打仗,dǎzhàng,动,"to fight, to go to war"
大臣,dàchén,名,"minister, high official"
大吃一惊,dàchī-yìjīng,,to be greatly surprised
大地,dàdì,名,"earth, land"
大都,dàdū,副,"mostly, mainly"
大方,dàfang,形,"generous, natural"
大幅,dàfú,副,"substantially, greatly"
大伙儿,dàhuǒr,代,everyone
大使,dàshǐ,名,ambassador
大师,dàshī,名,"master, expert"
大洋洲,Dàyángzhōu,名,Oceania
大致,dàzhì,形、副,"roughly, approximately; general"
呆,dāi,形,"dull, blank"
待,dài,动,"to stay, to wait"
代价,dàijià,名,"price, cost"
贷款,dàikuǎn,动、名,to lend; loan
代理,dàilǐ,动,"to act as an agent, to represent"
带领,dàilǐng,动,"to lead, to guide"
单纯,dānchún,形,"simple, pure"
单调,dāndiào,形,"monotonous, dull"
耽误,dānwu,动,"to delay, to waste time"
担忧,dānyōu,动,"to worry, to be anxious"
蛋白质,dànbáizhì,名,protein
诞生,dànshēng,动,"to be born, to emerge"
当场,dāngchǎng,副,"on the spot, at the scene"
当初,dāngchū,名,"originally, at that time"
当代,dāngdài,名,"contemporary, the present age"
当今,dāngjīn,名,"now, at present"
当面,dāngmiàn,副,"face to face, in person"
当下,dāngxià,名、副,"at the present moment, right away; immediately, at once"
当选,dāngxuǎn,动,to be elected
档案,dàng’àn,名,"file, record"
当天,dàngtiān,名,that very day
岛,dǎo,名,island
倒闭,dǎobì,动,to go bankrupt
倒车,dǎochē,动,"to reverse, to back up"
导师,dǎoshī,名,"supervisor, mentor"
道德,dàodé,名、形,"morality, ethics; moral"
倒是,dàoshì,副,"contrary to expectation, but"
得了,déle,动、助,to finish; used after 动s to express possibility
得以,déyǐ,动,"to be able to, so that"
得知,dézhī,动,"to learn of, to hear about"
灯笼,dēnglong,名,lantern
等级,děngjí,名,"grade, rank"
滴,dī,动、量,to drip; measure word
低碳,dītàn,形,low-carbon
抵达,dǐdá,动,"to arrive, to reach"
抵抗,dǐkàng,动,to resist
地道,dìdao,形,"authentic, genuine"
地方,dìfāng,名,"place, location"
地形,dìxíng,名,"terrain, landform"
地域,dìyù,名,"region, area"
地质,dìzhì,名,geology
点击,diǎnjī,动,to click
典礼,diǎnlǐ,名,ceremony
点燃,diǎnrán,动,to ignite
典型,diǎnxíng,名、形,"model; typical, representative"
电饭锅,diànfànguō,名,rice cooker
电力,diànlì,名,"power, electricity"
店铺,diànpù,名,"shop, store"
电源,diànyuán,名,"power source, outlet"
吊,diào,动,"to hang, to suspend"
调动,diàodòng,动,"to transfer, to mobilize"
钓鱼,diàoyú,动,to fish
跌,diē,动,to fall
顶,dǐng,名、动、量,top; to carry on the head; measure word for hats
订单,dìngdān,名,"order form, purchase order"
订婚,dìnghūn,动,"to get engaged, to be betrothed"
定价,dìngjià,动、名,to set a price; price
定时,dìngshí,动、名,to set a time; timing
定位,dìngwèi,动、名,"to position, to locate; position"
定义,dìngyì,名、动,definition; to define
定制,dìngzhì,动,to customize
栋,dòng,量,measure word for buildings
动机,dòngjī,名,"motive, motivation"
动力,dònglì,名,"power, driving force"
动漫,dòngmàn,名,"animation, anime"
动态,dòngtài,名、形,"dynamic, trend; dynamic"
动听,dòngtīng,形,pleasant to listen to
逗,dòu,动、形,to tease; funny
斗争,dòuzhēng,动、名,"to struggle; struggle, fight"
都市,dūshì,名,city
毒,dú,名、动、形,"poison, toxin; to poison; poisonous"
渡,dù,动,to cross a river
端,duān,动,"to hold, to carry"
短缺,duǎnquē,动,"shortage, to be short of"
对称,duìchèn,形,symmetrical
对接,duìjiē,动,"to dock, to link up"
对抗,duìkàng,动,"to confront, to oppose"
对立,duìlì,动,"to oppose, to be in opposition"
对应,duìyìng,动、形,to correspond; corresponding
蹲,dūn,动,to squat
顿时,dùnshí,副,"suddenly, immediately"
多才多艺,duōcái-duōyì,,"versatile, gifted in many ways"
多亏,duōkuī,动,"thanks to, fortunately"
多媒体,duōméitǐ,名,multimedia
多余,duōyú,动、形,"to be more than needed; superfluous, unnecessary"
多元,duōyuán,形,"diverse, pluralistic"
夺,duó,动,"to seize, to take"
夺取,duóqǔ,动,"to capture, to take by force"
躲避,duǒbì,动,"to avoid, to hide"
恶心,ěxin,形、动,"nauseating, disgusting; to feel nauseous"
恶劣,èliè,形,"bad, vile"
儿科,érkē,名,pediatrics
耳环,ěrhuán,名,earring
二氧化碳,èryǎnghuàtàn,名,carbon dioxide
发病,fābìng,动,to fall ill
发愁,fāchóu,动,"to worry, to feel anxious"
发电,fādiàn,动,to generate electricity
发动,fādòng,动,"to start, to launch"
发放,fāfàng,动,"to distribute, to issue"
发光,fāguāng,动,"to glow, to emit light"
发票,fāpiào,名,"invoice, receipt"
发行,fāxíng,动,"to publish, to issue"
发炎,fāyán,动,to become inflamed
发育,fāyù,动,"to grow, to develop"
法定,fǎdìng,形,"legal, statutory"
法官,fǎguān,名,judge
法规,fǎguī,名,"laws, regulations"
番,fān,量,"measure word for actions, occurrences"
繁忙,fánmáng,形,busy
凡是,fánshì,副,"all, every"
繁殖,fánzhí,动,"to breed, to reproduce"
反馈,fǎnkuì,动,to give feedback
反思,fǎnsī,动,"to reflect, to think back"
犯,fàn,动,"to commit a crime, to violate"
方方面面,fāngfāngmiànmiàn名,,"all aspects, every side"
方位,fāngwèi,名,"direction, position"
方言,fāngyán,名,dialect
妨碍,fáng’ài,动,"to hinder, to obstruct"
房价,fángjià,名,housing price
防治,fángzhì,动,"to prevent, to control"
访谈,fǎngtán,动,to interview
放大,fàngdà,动,"to enlarge, to magnify"
放飞,fàngfēi,动,to fly freely
飞速,fēisù,副,"at lightning speed, rapidly"
肥,féi,形、动、名,fat; to become fat; fertilizer
肥胖,féipàng,形,"obese, fat"
肥沃,féiwò,形,fertile
肺,fèi,名,lung
肺炎,fèiyán,名,pneumonia
分工,fēngōng,动,division of labor
分级,fēnjí,动,"to classify, to grade"
分期,fēnqī,动,to pay in installments
分散,fēnsàn,形、动,dispersed; to scatter
氛围,fēnwéi,名,"atmosphere, ambiance"
粉,fěn,名、形,powder; pink
愤怒,fènnù,形,angry
封闭,fēngbì,动,"to seal, to close"
风光,fēngguāng,名,"scenery, view"
风力,fēnglì,名,"wind power, wind force"
丰收,fēngshōu,动,bountiful harvest
风雨,fēngyǔ,名,"wind and rain, hardships"
奉献,fèngxiàn,动,"to devote, to dedicate"
夫人,fūrén,名,"wife, madam"
服,fú,动,"to serve, to obey; clothing"
浮,fú,动,to float
服从,fúcóng,动,"to obey, to comply"
幅度,fúdù,名,"range, scope, extent"
符号,fúhào,名,"symbol, sign"
福利,fúlì,名、动,"welfare, benefit; to provide welfare"
服用,fúyòng,动,to take (medicine)
辅导,fǔdǎo,动,"to coach, to tutor"
辅助,fǔzhù,动、形,"to assist, auxiliary"
副2,fù,形,"deputy, vice-"
覆盖,fùgài,动,to cover
附件,fùjiàn,名,attachment; accessory
负面,fùmiàn,形,"negative, adverse"
富裕,fùyù,形、动,wealthy; to enrich
赋予,fùyǔ,动,"to endow, to give"
该,gāi,代,"that, such"
改编,gǎibiān,动,to adapt
改造,gǎizào,动,"to transform, to rebuild"
概率,gàilǜ,名,probability
肝,gān,名,liver
干脆,gāncuì,形、副,"decisive, straightforward; simply, just"
尴尬,gāngà,形,"embarrassed, awkward"
干旱,gānhàn,形,"dry, arid"
干扰,gānrǎo,动,"to disturb, to interfere"
干燥,gānzào,形,dry
感激,gǎnjī,动,"to appreciate, to be grateful"
赶忙,gǎnmáng,副,"hurriedly, quickly"
感染,gǎnrǎn,动,"to infect, to influence"
感想,gǎnxiǎng,名,"impression, feeling"
钢笔,gāngbǐ,名,pen
港又,gǎngkǒu,名,port
岗位,gǎngwèi,名,"post, job"
高层,gāocéng,名、形,"high-level, upper class; high- ranking"
高超,gāochāo,形,"superb, excellent"
高等,gāoděng,形,"higher, advanced"
高端,gāoduān,形、名,"high-end, high-level; high-end product"
高峰,gāofēng,名,"peak, summit"
高尚,gāoshàng,形,"noble, lofty"
高手,gāoshǒu,名,"expert, master"
高新技术,gāoxīn-jìshù,,high and new technology
高原,gāoyuán,名,plateau
稿件,gǎojiàn,名,manuscript
稿子,gǎozi,名,"draft, manuscript"
割,gē,动,to cut
歌唱,gēchàng,动,to sing
隔壁,gébì,名,next door
革命,gémìng,动、形,revolution; revolutionary
个体,gètǐ,名,individual
给予,jǐyǔ,动,to give
跟前,gēnqián,名,"in front of, near"
跟随,gēnsuí,动,to follow
跟踪,gēnzōng,动,"to track, to tail"
公,gōng,形,"public, fair"
宫,gōng,名,"palace, temple"
公安,gōng’ān,名,public security
工地,gōngdì,名,construction site
工夫,gōngfu,名,"effort, time, skill"
公告,gōnggào,动、名,"announcement, notice; to announce"
供给,gōngjǐ,动,"to supply, to provide"
攻击,gōngjī,动,to attack
公开,gōngkāi,形、动,"open, public; to make public"
公民,gōngmín,名,citizen
公认,gōngrèn,动,to be generally recognized
功效,gōngxiào,名,"efficacy, effect"
工序,gōngxù,名,"process, procedure"
公益,gōngyì,名,public welfare
供应,gōngyìng,动,to supply
公元,gōngyuán,名,Gregorian calendar A.D.
公正,gōngzhèng,形,"fair, just"
公众,gōngzhòng,名,"public, the general public"
公主,gōngzhǔ,名,princess
巩固,gǒnggù,形、动,solid; to consolidate
共计,gòngjì,动,"to total, to amount to"
沟,gōu,名,ditch
构造,gòuzào,动,"to construct, to build"
孤独,gūdú,形,lonely
姑姑,gūgu,名,aunt (father's sister)
古典,gǔdiǎn,形,classical
古迹,gǔjì,名,"historic site, relic"
股票,gǔpiào,名,"stock, share"
古人,gǔrén,名,ancient people
股市,gǔshì,名,stock market
骨头,gǔtou,名,bone
鼓舞,gǔwǔ,动、形,"to inspire, to encourage; inspiring"
顾,gù,动,"to attend to, to look after"
固体,gùtǐ,名,solid
顾问,gùwèn,名,"consultant, advisor"
故障,gùzhàng,名,"breakdown, malfunction"
拐,guǎi,动,"to turn, to limp"
拐弯,guǎiwān,动,to turn a corner
官,guān,名,"official, government official"
关爱,guān’ài,动,"to care for, to show concern"
官方,guānfāng,名,"official, government"
观光,guānguāng,动,to sightsee
关怀,guānhuái,动,"to care for, to show concern"
关联,guānlián,动,"to be related, to be connected"
观赏,guānshǎng,动,"to view, to admire"
官员,guānyuán,名,"official, government official"
管道,guǎndào,名,"pipe, tubing"
罐,guàn,名,"can, jar"
广阔,guǎngkuò,形,"vast, wide"
归,guī,动、介,to return; by
规范,guīfàn,名、形、动,"norm, standard, rule; standard, normative; to standardize, to regulate"
规划,guīhuà,名、动,plan; to plan
归还,guīhuán,动,to return
规矩,guīju,名、形,"rule, custom; well-behaved"
轨道,guǐdào,名,"track, orbit"
跪,guì,动,to kneel
贵重,guìzhòng,形,"precious, valuable"
棍,gùn,名,"stick, rod"
国宝,guóbǎo,名,national treasure
国产,guóchǎn,形,domestically produced
国歌,guógē,名,national anthem
国旗,guóqí,名,national flag
国情,guóqíng,名,national conditions
国王,guówáng,名,king
过渡,guòdù,动,to transition
过后,guòhòu,名,afterwards
过时,guòshí,动、形,"to go out of fashion; outdated, obsolete"
海内外,hǎi nèiwài,,both at home and abroad
海岸,hǎi’àn,名,"coast, shore"
海拔,hǎibá,名,altitude
海面,hǎimiàn,名,sea surface
海域,hǎiyù,名,sea area
害,hài,名、动,harm; to harm
寒冬,hándōng,名,cold winter
含义,hányì,名,"meaning, implication"
罕见,hǎnjiàn,形,"rare, seldom seen"
旱灾,hànzāi,名,drought
航空,hángkōng,动,aviation
毫不,háo bù,,not at all
毫无,háo wú,,completely without
毫米,háomǐ,量,millimeter
毫升,háoshēng,量,milliliter
好不,hǎobù,副,"very, really"
好感,hǎogǎn,名,good feeling
好容易,hǎoróngyì,形,with difficulty
好客,hàokè,形,hospitable
好学,hàoxué,动,to be eager to learn
号召,hàozhào,动,"to call upon, to appeal"
合并,hébìng,动,"to merge, to combine"
合成,héchéng,动,"to synthesize, to compose"
和平,hépíng,名,peace
和谐,héxié,形,harmonious
核心,héxīn,名,core
嘿,hēi,叹,hey
黑暗,hēi’àn,形,dark
痕迹,hénjì,名,"trace, mark"
狠,hěn,形、动、副,"fierce, cruel; to harden one's heart; fiercely"
恨,hèn,动,to hate
横,héng,形、动、名,"horizontal, across; to cross; horizontal line"
衡量,héngliáng,动,"to measure, to weigh"
宏大,hóngdà,形,"grand, magnificent"
洪水,hóngshuǐ,名,flood
后代,hòudài,名,"offspring, descendants"
后期,hòuqī,名,"late stage, later period"
后人,hòurén,名,"later generations, people of later times"
后退,hòutuì,动,"to retreat, to move back"
后者,hòuzhě,名,the latter
忽略,hūlüè,动,"to neglect, to overlook"
壶,hú,名,"pot, kettle"
胡子,húzi,名,"beard, mustache"
户,hù,量,measure word for households
互助,hùzhù,动,mutual aid
花朵,huāduǒ,名,flower
花生,huāshēng,名,peanut
滑冰,huábīng,动,to skate
滑行,huáxíng,动,"to glide, to slide"
滑雪,huáxuě,动,to ski
划,huà,动,"to row, to paddle"
划分,huàfēn,动,"to divide, to partition"
化石,huàshí,名,fossil
话筒,huàtǒng,名,microphone
化妆,huàzhuāng,动,to put on makeup
怀,huái,名、动,"chest, bosom; to hold in mind"
怀念,huáiniàn,动,to cherish the memory of
怀孕,huáiyùn,动,to be pregnant
欢乐,huānlè,形,"happy, joyful"
环,huán,名、量、动,"ring, loop; measure word for rings; to surround"
还原,huányuán,动,"to restore, to return to original state"
患,huàn,动,"to contract, to suffer from"
幻想,huànxiǎng,动、名,"to fantasize; fantasy, illusion"
患者,huànzhě,名,patient
黄,huáng,名,yellow
皇帝,huángdì,名,emperor
灰尘,huīchén,名,dust
灰心,huīxīn,形,"discouraged, downhearted"
回报,huíbào,动,"to repay, to return"
回顾,huígù,动,"to look back, to review"
回头,huítóu,动、副、连,to turn around; later; if
汇,huì,动,"to remit, to converge"
汇报,huìbào,动,"to report, to give an account"
绘画,huìhuà,动,"to draw, to paint"
会见,huìjiàn,动,to meet
汇款,huìkuǎn,动、名,to remit money; remittance
婚姻,hūnyīn,名,marriage
混,hùn,动、副,"to mix, to blend; carelessly"
混合,hùnhé,动,"to mix, to blend"
混乱,hùnluàn,形,"chaotic, disorderly"
活力,huólì,名,"vitality, energy"
活跃,huóyuè,形、动,"active, dynamic; to be active"
火柴,huǒchái,名,match
火灾,huǒzāi,名,"fire disaster, fire"
货币,huòbì,名,currency
货车,huòchē,名,"truck, freight car"
击败,jībài,动,to defeat
基地,jīdì,名,"base, foundation"
机动车,jīdòngchē,名,motor vehicle
饥饿,jī’è,形,hungry
激发,jīfā,动,"to inspire, to stimulate"
基金,jījīn,名,fund
激励,jīlì,动,"to encourage, to motivate"
激情,jīqíng,名,"passion, enthusiasm"
机械,jīxiè,名、形,"machinery, machine; mechanical"
基因,jīyīn,名,gene
机遇,jīyù,名,opportunity
机制,jīzhì,名,mechanism
即便,jíbiàn,连,"even if, even though"
极端,jíduān,名、副、形,"extreme, extremity; extremely; extreme, radical"
急救,jíjiù,动,"first aid, emergency treatment"
急切,jíqiè,形,"eager, impatient"
集团,jítuán,名,"group, corporation"
极为,jíwéi,副,extremely
吉祥,jíxiáng,形,"auspicious, lucky"
继承,jìchéng,动,to inherit
季军,jìjūn,名,"third place, bronze medalist"
纪律,jìlǜ,名,discipline
寂寞,jìmò,形,lonely
技巧,jìqiǎo,名,"skill, technique"
技艺,jìyì,名,"skill, artistry"
夹,jiā,动,"to press, to squeeze"
加倍,jiābèi,动、副,to double; double
家常,jiācháng,名,daily life
家家户户,jiājiāhùhù,名,every household
加剧,jiājù,动,"to intensify, to aggravate"
家居,jiājū,名,"household, home"
家属,jiāshǔ,名,family member
加以,jiāyǐ,动、连,"to apply, to add; in addition"
家园,jiāyuán,名,homeland
加重,jiāzhòng,动,"to increase in weight, to aggravate"
假设,jiǎshè,动、名,to suppose; hypothesis
嫁,jià,动,to marry
尖,jiān,形、名,"sharp, pointed; tip"
肩膀,jiānbǎng,名,shoulder
监测,jiāncè,动,to monitor
坚定,jiāndìng,形、动,"firm, steadfast; to strengthen"
监督,jiāndū,动,to supervise
坚固,jiāngù,形,"strong, solid"
坚决,jiānjué,形,"resolute, determined"
艰难,jiānnán,形,"difficult, hard"
艰辛,jiānxīn,形,"arduous, tough"
坚硬,jiānyìng,形,"hard, solid"
兼职,jiānzhí,动、名,to hold multiple jobs; part-time job
检测,jiǎncè,动,"to test, to examine"
简化,jiǎnhuà,动,to simplify
简介,jiǎnjiè,动、名,to introduce briefly; brief introduction
减弱,jiǎnruò,动,"to weaken, to diminish"
减压,jiǎnyā,动,to reduce pressure
检验,jiǎnyàn,动,"to inspect, to test"
剑,jiàn,名,sword
箭,jiàn,名,arrow
鉴定,jiàndìng,动、名,"to appraise, to identify; appraisal"
间隔,jiàngé,名、动,"interval, gap; to separate"
间接,jiànjiē,形,indirect
健全,jiànquán,形、动,"sound, healthy; to perfect"
建筑物,jiànzhùwù,名,building
将军,jiāngjūn,名,general
讲解,jiǎngjiě,动,to explain
奖牌,jiǎngpái,名,medal
奖品,jiǎngpǐn,名,prize
酱,jiàng,名、动,"sauce, paste; to sauce"
酱油,jiàngyóu,名,soy sauce
胶带,jiāodài,名,"tape, adhesive tape"
焦点,jiāodiǎn,名,focus
交际,jiāojì,动,social interaction
焦虑,jiāolǜ,形,anxious
胶水,jiāoshuǐ,名,glue
交谈,jiāotán,动,"to chat, to converse"
郊外,jiāowài,名,suburb
角落,jiǎoluò,名,corner
脚印,jiǎoyìn,名,footprint
较为,jiàowéi,副,relatively
教训,jiàoxùn,动、名,to teach a lesson; lesson
结,jiē,动,to bear (fruit)
结果,jiēguǒ,动,"to bear fruit, to produce a result"
接连,jiēlián,动、副,"in a row, one after another; repeatedly"
结实,jiēshi,形,"sturdy, strong"
街头,jiētóu,名,street
杰出,jiéchū,形,"outstanding, prominent"
节能,jiénéng,动,to save energy
结尾,jiéwěi,动、名,to end; end
截至,jiézhì,动,"as of, up to"
截止,jiézhǐ,动,"to end, to cut off"
节奏,jiézòu,名,rhythm
解,jiě,动,"to untie, to solve"
解答,jiědá,动,"to answer, to explain"
解读,jiědú,动,to interpret
解放,jiěfàng,动,to liberate
解说,jiěshuō,动,to explain
借鉴,jièjiàn,动,to draw lessons from
戒指,jièzhi,名,ring
借助,jièzhù,动,to use as a means
金额,jīn’é,名,amount of money
金牌,jīnpái,名,gold medal
金钱,jīnqián,名,money
金融,jīnróng,名,finance
金属,jīnshǔ,名,metal
金子,jīnzi,名,gold
尽,jìn,动、(副),"to exhaust, to use up; (to the utmost)"
进而,jìn’ér,连,"then, and then"
进度,jìndù,名,progress
进化,jìnhuà,动,evolution
近来,jìnlái,名,recently
近视,jìnshì,形,nearsighted
进展,jìnzhǎn,动,"progress, advance"
精美,jīngměi,形,"exquisite, delicate"
精确,jīngquè,形,"accurate, precise"
惊人,jīngrén,形,"astonishing, amazing"
经商,jīngshāng,动,to engage in business
精通,jīngtōng,动,"to master, be proficient in"
精心,jīngxīn,形,"meticulously, carefully"
惊讶,jīngyà,形,"surprised, amazed"
精致,jīngzhì,形,"delicate, refined"
精准,jīngzhǔn,形,"accurate, precise"
井,jǐng,名,well
警告,jǐnggào,动,to warn
景观,jǐngguān,名,"landscape, view"
景象,jǐngxiàng,名,"scene, sight"
颈椎,jǐngzhuī,名,cervical vertebra
净,jìng,形、副,"clean, net; merely, only"
竞赛,jìngsài,动,to compete
镜头,jìngtóu,名,"lens, camera shot"
纠纷,jiūfēn,名,dispute
纠正,jiūzhèng,动,"to correct, to rectify"
酒精,jiǔjīng,名,alcohol
酒水,jiǔshuǐ,名,alcoholic beverages
就读,jiùdú,动,to attend school
舅舅,jiùjiu,名,uncle
救命,jiùmìng,动,to save a life
就算,jiùsuàn,连,even if
救援,jiùyuán,动,"rescue, relief"
救灾,jiùzāi,动,to provide disaster relief
救助,jiùzhù,动,"to help, to rescue"
局1,jú,量,"measure word for games, sets"
局2,jú,名,"bureau, office, situation"
菊花,júhuā,名,chrysanthemum
局面,júmiàn,名,situation
局限,júxiàn,动,"to limit, to restrict"
举动,jǔdòng,名,"action, move"
剧本,jùběn,名,script
聚集,jùjí,动,to gather
俱乐部,jùlèbù,名,club
剧烈,jùliè,形,"intense, fierce"
捐款,juānkuǎn,动、名,to donate money; donation
捐赠,juānzèng,动,to donate
卷,juǎn,动、名、量,"to roll, to curl; roll; measure word for rolls"
卷,juàn,量、名,measure word for books; volume
决策,juécè,动、名,to decide; decision-making
绝望,juéwàng,动,to despair
军队,jūnduì,名,army
军人,jūnrén,名,soldier
均匀,jūnyún,形,"even, uniform"
卡片,kǎpiàn,名,card
开创,kāichuàng,动,"to start, to initiate"
开关,kāiguān,名,switch
开启,kāiqǐ,动,"to open, to start"
开设,kāishè,动,to open a business or course
开头,kāitóu,动、名,"to start, to begin; beginning"
砍,kǎn,动,"to cut, to chop"
看不起,kànbuqǐ,动,to look down upon
看待,kàndài,动,"to regard, to treat"
看得起,kàndeqǐ,动,to think highly of
看好,kànhǎo,动,"to be optimistic about, to fancy"
看似,kànsì,动,"to seem, to appear"
看中,kànzhòng,动,to take a fancy to
看重,kànzhòng,动,"to value, to regard as important"
康复,kāngfù,动,to recover
考察,kǎochá,动,"to investigate, to inspect"
考古,kǎogǔ,动、名,to engage in archaeology; archaeology
考核,kǎohé,动,"to assess, to examine"
考验,kǎoyàn,动,"to test, to put to the test"
科,kē,名,"field, branch of study"
科幻,kēhuàn,名,science fiction
科目,kēmù,名,"subject, course"
科普,kēpǔ,动,to popularize science
可又,kěkǒu,形,"delicious, tasty"
可怜,kělián,形、动,pitiful; to pity
渴望,kěwàng,动,"to long for, to thirst for"
可行,kěxíng,形,"feasible, workable"
客车,kèchē,名,passenger bus
课题,kètí,名,"topic, research question"
肯,kěn,动,to be willing
恐惧,kǒngjù,形,"fearful, terrified"
空地,kòngdì,名,"open space, vacant land"
空闲,kòngxián,形、名,"free, leisure; free time"
又感,kǒugǎn,名,"taste, texture"
又号,kǒuhào,名,slogan
又腔,kǒuqiāng,名,oral cavity
又头,kǒutóu,名、形,"oral, 动al; superficial"
扣,kòu,动、名,"to deduct, to button; button"
枯燥,kūzào,形,"dry, boring"
酷,kù,形,"cool, awesome"
夸,kuā,动,"to boast, to praise"
夸奖,kuājiǎng,动,to praise
夸张,kuāzhāng,形,exaggerated
会计,kuàijì,名,accountant
快捷,kuàijié,形,"fast, quick"
款,kuǎn,名、量,sum of money; measure word for items
款式,kuǎnshì,名,"style, design"
亏损,kuīsǔn,动,to lose money
困扰,kùnrǎo,动,"to trouble, to disturb"
扩展,kuòzhǎn,动,to expand
落,là,动,"to leave behind, to lag behind"
辣椒,làjiāo,名,chili pepper
啦,la,助,particle expressing excitement or certainty
来临,láilín,动,"to come, to arrive"
来往,láiwǎng,动,to come and go
赖,lài,形、动,"bad; to rely on, to depend on"
拦,lán,动,to block
栏,lán,名,"railing, column"
兰花,lánhuā,名,orchid
烂,làn,形,"rotten, worn-out; soft"
狼,láng,名,wolf
朗读,lǎngdú,动,to read aloud
牢,láo,名、形,"prison; firm, solid"
劳动力,láodònglì,名,labor force
老实,lǎoshi,形,"honest, well-behaved"
老鼠,lǎoshǔ,名,mouse
老太太,lǎotàitai,名,old lady
乐于,lèyú,动,"to be happy to, to be willing to"
雷,léi,名,thunder
类别,lèibié,名,category
理,lǐ,名、动,"reason, logic; to manage"
理财,lǐcái,动,to manage money
理科,lǐkē,名,"science, sciences"
理念,lǐniàn,名,"idea, concept"
理性,lǐxìng,形、名,"rational, reasonable; reason"
立,lì,动,"to stand, to set up"
粒,lì,名、量,grain; measure word for small particles
立场,lìchǎng,名,"position, standpoint"
力度,lìdù,名,"intensity, strength"
历经,lìjīng,动,"to experience, to go through"
历年,lìnián,名,over the years
例外,lìwài,动、名,to be an exception; exception
利息,lìxī,名,interest
联合国,Liánhéguó,名,United Nations
联网,liánwǎng,动,"to network, to connect to the internet"
联想,liánxiǎng,动,"to associate, to connect"
链接,liànjiē,动,to link
两岸,liǎng’àn,名,"both sides, both coasts"
两极,liǎngjí,名,two poles
晾,liàng,动,"to dry, to air"
料1,liào,名,material
料2,liào,动,"to guess, to anticipate"
淋,lín,动,"to drench, to pour"
凌晨,língchén,名,"very early morning, dawn"
流程,liúchéng,名,"process, flow"
流动,liúdòng,动,to flow
浏览器,liúlǎnqì,名,browser
流量,liúliàng,名,"traffic, internet data, flow rate"
流入,liúrù,动,to flow into
流通,liútōng,动,to circulate
楼道,lóudào,名,"corridor, hallway"
露,lòu,动,"to expose, to reveal"
漏洞,lòudòng,名,"loophole, leak"
露1,lù,动,"to expose, to reveal"
路程,lùchéng,名,"distance, journey"
路况,lùkuàng,名,road conditions
路面,lùmiàn,名,road surface
录像,lùxiàng,动、名,video recording; to record
录用,lùyòng,动,"to hire, to recruit"
录制,lùzhì,动,to record
旅程,lǚchéng,名,journey
旅途,lǚtú,名,"trip, journey"
履行,lǚxíng,动,"to perform, to fulfill"
率,lǜ,后缀,"suffix meaning rate, proportion"
绿化,lǜhuà,动,"to afforest, to green"
轮,lún,名、动、量,wheel; to take turns; measure word for rounds
轮船,lúnchuán,名,"steamship, ship"
轮流,lúnliú,动,to take turns
轮椅,lúnyǐ,名,wheelchair
轮子,lúnzi,名,wheel
论坛,lùntán,名,forum
落地,luòdì,动,to land
落后,luòhòu,动、形,to lag behind; backward
马虎,mǎhu,形,"careless, sloppy"
码头,mǎtóu,名,"dock, pier"
蚂蚁,mǎyǐ,名,ant
嘛,ma,助,particle indicating obviousness or emphasis
埋,mái,动,to bury
迈,mài,动,"to step, to stride"
麦克风,màikèfēng,名,microphone
漫长,màncháng,形,"very long, lengthy"
漫画,mànhuà,名,"comic, cartoon"
盲人,mángrén,名,blind person
冒,mào,动,"to emit, to risk"
冒险,màoxiǎn,动,to take a risk
贸易,màoyì,名,trade
煤,méi,名,coal
梅花,méihuā,名,plum blossom
眉毛,méimao,名,eyebrow
美观,měiguān,形,"beautiful, aesthetically pleasing"
弥补,míbǔ,动,"to compensate, to make up for"
迷人,mírén,形,"charming, fascinating"
密,mì,形,"dense, close"
密度,mìdù,名,density
蜜蜂,mìfēng,名,bee
密集,mìjí,动、形,to concentrate; dense
棉,mián,名,cotton
免,miǎn,动,"to exempt, to avoid"
勉强,miǎnqiǎng,形、动,reluctant; to force oneself
免税,miǎnshuì,动,"tax-free, duty-free"
免疫,miǎnyì,动,to be immune
面部,miànbù,名,"face, facial part"
面粉,miànfěn,名,flour
面子,miànzi,名,"face, reputation"
描绘,miáohuì,动,to depict
描写,miáoxiě,动,to describe
妙,miào,形,"wonderful, excellent"
灭,miè,动,"to extinguish, to destroy"
民歌,míngē,名,folk song
民间,mínjiān,名,"folk, among the people"
民俗,mínsú,名,folk custom
民宿,mínsù,名,homestay
民众,mínzhòng,名,"public, populace"
民主,mínzhǔ,名、形,democracy; democratic
名额,míng’é,名,"quota, number of places"
明亮,míngliàng,形,bright
明明,míngmíng,副,"obviously, clearly"
名气,míngqi,名,"fame, reputation"
名胜,míngshèng,名,famous scenic spot
命令,mìnglìng,动、名,"to order, to command; order"
命名,mìngmíng,动,to name
模仿,mófǎng,动,to imitate
模拟,mónǐ,动,to simulate
模特儿,mótèr,名,model
摩托车,mótuōchē,名,motorcycle
模型,móxíng,名,"model, mold"
默默,mòmò,副,silently
模样,múyàng,名,"appearance, look"
母,mǔ,形,female
母语,mǔyǔ,名,mother tongue
木材,mùcái,名,"timber, wood"
目录,mùlù,名,"catalog, list"
奶粉,nǎifěn,名,milk powder
难点,nándiǎn,名,difficult point
南极洲,Nánjízhōu,名,Antarctica
南美洲,Nánměizhōu,名,South America
难免,nánmiǎn,形,"inevitable, hard to avoid"
脑袋,nǎodai,名,head
脑子,nǎozi,名,brain
内涵,nèihán,名,connotation
内科,nèikē,名,internal medicine
内外,nèiwài,名,inside and outside
内衣,nèiyī,名,underwear
能量,néngliàng,名,energy
能源,néngyuán,名,energy
泥,ní,名,mud
年度,niándù,名,year
年终,niánzhōng,名,end of the year
念书,niànshū,动,"to study, to attend school"
扭,niǔ,动,"to twist, to turn"
农产品,nóngchǎnpǐn,名,agricultural product
浓厚,nónghòu,形,"strong, rich"
农田,nóngtián,名,farmland
暖,nuǎn,形、动,warm; to warm up
暖气,nuǎnqì,名,heater
偶像,ǒuxiàng,名,idol
排除,páichú,动,"to exclude, to eliminate"
排放,páifàng,动,"to emit, to discharge"
排练,páiliàn,动,to rehearse
排名,páimíng,动,to rank
盘,pán,量、(动),"measure word for plates, coils; (to coil)"
盼望,pànwàng,动,"to long for, to look forward to"
庞大,pángdà,形,huge
抛,pāo,动,to throw
泡,pào,名、动,bubble; to steep
赔偿,péicháng,动,to compensate
陪同,péitóng,动,to accompany
培育,péiyù,动,"to cultivate, to breed"
配备,pèibèi,动、名,"to equip, to allocate; equipment"
佩服,pèifú,动,to admire
配套,pèitào,动,to form a complete set
喷,pēn,动,to spray
捧,pěng,动、量,to hold in both hands; (measure word for handfuls)
碰撞,pèngzhuàng,动,to collide
披,pī,动,to drape over
皮,pí,名、形,"skin, leather; tough, pliable"
疲劳,píláo,形,tired
片刻,piànkè,名,short moment
片面,piànmiàn,形,one-sided
骗子,piànzi,名,swindler
飘,piāo,动、形,"to float; light, airy"
漂,piāo,动,to drift
频道,píndào,名,channel
频繁,pínfán,形,frequent
贫困,pínkùn,形,"poor, impoverished"
频率,pínlǜ,名,frequency
品尝,pǐncháng,动,to taste
平等,píngděng,形,equal
平凡,píngfán,形,ordinary
平方,píngfāng,名、量,square; measure word
平方米,píngfāngmǐ,量,square meter
评估,pínggū,动,"to evaluate, to assess"
评论,pínglùn,动、名,to comment; comment
评选,píngxuǎn,动,"to select, to choose"
坡,pō,名、形,slope; sloping
泼,pō,动,to splash
破产,pòchǎn,动,to go bankrupt
迫切,pòqiè,形,"urgent, pressing"
扑,pū,动,to pounce on
铺,pū,动,"to spread, to pave"
扑灭,pūmiè,动,to extinguish
朴素,pǔsù,形,"simple, plain"
欺骗,qīpiàn,动,to deceive
期望,qīwàng,动,"to expect, to hope for"
期限,qīxiàn,名,time limit
其间,qíjiān,名,in the meantime
齐全,qíquán,形,"complete, full set"
棋子,qízǐ,名,chess piece
起初,qǐchū,名,at first
起点,qǐdiǎn,名,starting point
启动,qǐdòng,动,to start
启发,qǐfā,动,to inspire
启示,qǐshì,动、名,to reveal; enlightenment
启事,qǐshì,名,"notice, announcement"
起源,qǐyuán,动、名,to originate; origin
气氛,qìfēn,名,atmosphere
气体,qìtǐ,名,gas
气味,qìwèi,名,"smell, odor"
气质,qìzhì,名,temperament
恰当,qiàdàng,形,appropriate
恰好,qiàhǎo,副,"just right, exactly"
恰恰,qiàqià,副,"just, exactly"
牵,qiān,动,"to pull, to involve"
千家万户,qiānjiā-wànhù,,countless households
谦虚,qiānxū,形、动,modest; to be modest
前景,qiánjǐng,名,"prospect, future"
潜力,qiánlì,名,potential
前期,qiánqī,名,early stage
前提,qiántí,名,premise
前者,qiánzhě,名,the former
枪,qiāng,名,gun
墙壁,qiángbì,名,wall
强化,qiánghuà,动,to strengthen
强壮,qiángzhuàng,形、动,"strong, robust; to strengthen"
强迫,qiǎngpò,动,to force
瞧,qiáo,动,"to look, to see"
桥梁,qiáoliáng,名,bridge
巧妙,qiǎomiào,形,"clever, ingenious"
切实,qièshí,形,"practical, realistic"
亲密,qīnmì,形,"close, intimate"
亲属,qīnshǔ,名,relative
勤劳,qínláo,形,hardworking
清,qīng,形、动,clear; to clear
清晨,qīngchén,名,early morning
青春,qīngchūn,名,youth
青春期,qīngchūnqī,名,adolescence
清淡,qīngdàn,形,"light, mild"
清洁,qīngjié,形,clean
清理,qīnglǐ,动,to clean
清扫,qīngsǎo,动,to sweep
倾听,qīngtīng,动,to listen attentively
清洗,qīngxǐ,动,to wash
清晰,qīngxī,形,clear
倾向,qīngxiàng,动、名,to tend; tendency
清醒,qīngxǐng,形、动,sober; to wake up
情节,qíngjié,名,plot
晴朗,qínglǎng,形,"sunny, clear"
情形,qíngxing,名,situation
求,qiú,动,"to request, to seek"
求婚,qiúhūn,动,to propose marriage
求救,qiújiù,动,to cry for help
求职,qiúzhí,动,to apply for a job
求助,qiúzhù,动,to ask for help
区分,qūfēn,动,to differentiate
渠道,qúdào,名,channel
曲,qǔ,名,"song, tune"
娶,qǔ,动,to marry
取代,qǔdài,动,to replace
趣味,qùwèi,名,"interest, delight"
圈,quān,名、动,"circle, ring; to circle"
全程,quánchéng,名,whole journey
权力,quánlì,名,"power, authority"
券,quàn,名,"ticket, coupon"
缺陷,quēxiàn,名,defect
确立,quèlì,动,to establish
群众,qúnzhòng,名,"crowd, masses"
燃料,ránliào,名,fuel
染,rǎn,动,to dye
热点,rèdiǎn,名,hot spot
热度,rèdù,名,heat
热门,rèmén,名,"hot, popular"
热水器,rèshuǐqì,名,water heater
热线,rèxiàn,名,hotline
热议,rèyì,动,heated discussion
人工智能,réngōng zhìnéng,,artificial intelligence
人家,rénjia,代,"other people, I, you"
人均,rénjūn,动,per capita
人山人海,rénshān-rénhǎi,,a sea of people
人士,rénshì,名,"personage, figure"
人事,rénshì,名,"personnel, human resources"
人为,rénwéi,形,man-made
人行道,rénxíngdào,名,sidewalk
忍受,rěnshòu,动,to endure
认错,rèncuò,动,to admit a mistake
认定,rèndìng,动,"to determine, to conclude"
认可,rènkě,动,to approve
认同,rèntóng,动,to identify with
认知,rènzhī,动,"to recognize, to be aware of"
仍旧,réngjiù,副,"still, yet"
日后,rìhòu,名,in the future
日前,rìqián,名,a few days ago
日夜,rìyè,名,day and night
日益,rìyì,副,"increasingly, day by day"
融合,rónghé,动,"to blend, to merge"
融化,rónghuà,动,to melt
容量,róngliàng,名,capacity
融入,róngrù,动,to integrate into
荣誉,róngyù,名,honor
柔软,róuruǎn,形,soft
入境,rùjìng,动,to enter a country
入门,rùmén,动、名,"to get started, to learn the basics; introduction"
入选,rùxuǎn,动,to be selected
弱点,ruòdiǎn,名,"weakness, weak point"
撒,sǎ,动,to sprinkle
塞,sāi,动、名,"to stuff, to squeeze; cork"
赛事,sàishì,名,competition event
散,sǎn,动,to scatter
散文,sǎnwén,名,prose
散,sàn,动,"to scatter, to disperse"
散发,sànfā,动,"to emit, to give off"
嗓子,sǎngzi,名,throat
丧失,sàngshī,动,to lose
扫描,sǎomiáo,动,to scan
杀,shā,动,to kill
刹车,shāchē,动、名,to brake; brake
鲨鱼,shāyú,名,shark
筛选,shāixuǎn,动,"to screen, to filter"
山顶,shāndǐng,名,mountaintop
山峰,shānfēng,名,mountain peak
山坡,shānpō,名,mountain slope
闪,shǎn,动,to flash
闪电,shǎndiàn,名,lightning
扇,shàn,量,"measure word for doors, windows"
商标,shāngbiāo,名,trademark
伤又,shāngkǒu,名,wound
伤亡,shāngwáng,动、名,to be injured; casualties
伤员,shāngyuán,名,wounded person
上当,shàngdàng,动,"to be cheated, to fall for a trick"
上级,shàngjí,名,"superior, higher level"
上进,shàngjìn,动,to make progress
上市,shàngshì,动,to go public with shares
上述,shàngshù,形,above-mentioned
上台,shàngtái,动,to take the stage
上旬,shàngxún,名,early part of the month
少儿,shào’ér,名,children
舌头,shétou,名,tongue
社,shè,名,society
射,shè,动,to shoot
涉及,shèjí,动,"to involve, to relate to"
射击,shèjī,动,shooting
摄像,shèxiàng,动,"to videotape, to film"
设想,shèxiǎng,动,"to imagine, to conceive"
摄像头,shèxiàngtóu,名,camera
身心,shēnxīn,名,body and mind
深夜,shēnyè,名,late night
神,shén,名、形,"god, spirit; amazing"
神经,shénjīng,名,nerve
神奇,shénqí,形,magical
审美,shěnměi,动,to appreciate beauty
升,shēng,量,liter
生成,shēngchéng,动,to generate
声调,shēngdiào,名,tone
生命力,shēngmìnglì,名,vitality
生态,shēngtài,名,ecology
升学,shēngxué,动,to go on to higher education
剩余,shèngyú,动,"remaining, surplus"
诗词,shīcí,名,poetry
湿度,shīdù,名,humidity
师父,shīfu,名,"master, teacher"
诗歌,shīgē,名,poetry
狮子,shīzi,名,lion
识,shí,动,to know
拾,shí,动,to pick up
识别,shíbié,动,to distinguish
时光,shíguāng,名,time
实话,shíhuà,名,truth
实惠,shíhuì,名、形,"tangible benefit, substantial; practical"
时机,shíjī,名,opportunity
时尚,shíshàng,名、形,fashion; fashionable
实时,shíshí,副,"real-time, in real time"
时速,shísù,名,speed per hour
石油,shíyóu,名,petroleum
食欲,shíyù,名,appetite
实质,shízhì,名,"substance, essence"
十足,shízú,形,"full, complete, pure"
使劲,shǐjìn,动,to exert effort
士兵,shìbīng,名,soldier
适度,shìdù,形,"moderate, appropriate"
示范,shìfàn,动,to demonstrate
释放,shìfàng,动,to release
事后,shìhòu,名,after the event
视觉,shìjué,名,vision
势力,shìlì,名,"power, influence"
视力,shìlì,名,eyesight
试图,shìtú,动,"to attempt, to try"
事务,shìwù,名,"affairs, matters"
事项,shìxiàng,名,"item, matter"
适宜,shìyí,形,"suitable, appropriate"
收藏,shōucáng,动,to collect
收购,shōugòu,动,"to purchase, to acquire"
收取,shōuqǔ,动,to collect
收益,shōuyì,名,"profit, gain"
手臂,shǒubì,名,arm
手法,shǒufǎ,名,"technique, method"
手势,shǒushì,名,gesture
首要,shǒuyào,形,"primary, chief"
寿命,shòumìng,名,lifespan
受灾,shòuzāi,动,to be hit by a disaster
输出,shūchū,动,to output
书画,shūhuà,名,calligraphy and painting
书籍,shūjí,名,books
书面,shūmiàn,形,"written, in writing"
输送,shūsòng,动,"to transport, to convey"
书写,shūxiě,动,to write
属,shǔ,动,to belong to
薯片,shǔpiàn,名,potato chip
竖,shù,形、动、名,vertical; to erect; vertical line
树立,shùlì,动,to establish
数目,shùmù,名,"number, quantity"
数字化,shùzìhuà,动,to digitize
衰老,shuāilǎo,形,"to age, to grow old"
率领,shuàilǐng,动,"to lead, to command"
率先,shuàixiān,副,to take the lead
水稻,shuǐdào,名,unhusked rice
水库,shuǐkù,名,reservoir
水流,shuǐliú,名,flow of water
水面,shuǐmiàn,名,water surface
水泥,shuǐní,名,cement
瞬间,shùnjiān,名,instant
思路,sīlù,名,train of thought
思念,sīniàn,动,"to miss, to long for"
死亡,sǐwáng,动,to die
松,sōng,形、动,loose; to loosen
艘,sōu,量,measure word for ships
搜集,sōují,动,to collect
塑造,sùzào,动,"to shape, to mold"
素质,sùzhì,名,"quality, caliber"
算了,suànle,动、助,forget it; that's enough
算是,suànshì,动、副,to be considered as; quite
虽,suī,连,although
岁数,suìshu,名,age
岁月,suìyuè,名,years
损坏,sǔnhuài,动,to damage
损伤,sǔnshāng,动,to harm
所,suǒ,助,particle used to indicate passive voice or to nominalize 动s
踏实,tāshi,形,"steady, firm"
塔,tǎ,名,pagoda
台风,táifēng,名,typhoon
台球,táiqiú,名,billiards
太空,tàikōng,名,space
太阳能,tàiyángnéng,名,solar energy
谈论,tánlùn,动,to discuss
谈判,tánpàn,动,to negotiate
弹性,tánxìng,名,elasticity
探索,tànsuǒ,动,to explore
探讨,tàntǎo,动,"to discuss, to deliberate"
汤圆,tāngyuán,名,"sweet dumplings, Tangyuan"
糖果,tángguǒ,名,candy
烫,tàng,动、形,to scald; hot
掏,tāo,动,"to pull out, to dig out"
逃,táo,动,to escape
逃跑,táopǎo,动,"to flee, to run away"
淘气,táoqì,形,naughty
淘汰,táotài,动,"to eliminate, to be eliminated"
套餐,tàocān,名,"set meal, combo"
特,tè,副,"especially, particularly"
特长,tècháng,名,"specialty, strong point"
特地,tèdì,副,"especially, for a specific purpose"
特定,tèdìng,形,"specific, particular"
特性,tèxìng,名,characteristic
特意,tèyì,副,"deliberately, on purpose"
题材,tícái,名,"theme, subject matter"
提取,tíqǔ,动,to extract
提示,tíshì,动,"to prompt, to point out"
体操,tǐcāo,名,gymnastics
体积,tǐjī,名,volume
体系,tǐxì,名,system
添,tiān,动,to add
天才,tiāncái,名,genius
添加,tiānjiā,动,to add
天然,tiānrán,形,"natural, innate"
天然气,tiānránqì,名,natural gas
天文,tiānwén,名,astronomy
天下,tiānxià,名,"the world, under heaven"
天真,tiānzhēn,形,"naive, innocent"
田,tián,名,"field, farmland"
田径,tiánjìng,名,track and field
调节,tiáojié,动,to adjust
跳水,tiàoshuǐ,动,diving
贴近,tiējìn,动、形,"to press close to; close, intimate"
听话,tīnghuà,形,"obedient, well-behaved"
听觉,tīngjué,名,sense of hearing
听取,tīngqǔ,动,"to listen to, to hear"
通道,tōngdào,名,"passage, channel"
通风,tōngfēng,动,to ventilate
通话,tōnghuà,动,to talk on the phone
通信,tōngxìn,动,"communication by letter, phone, etc."
通讯,tōngxùn,名,communication
通用,tōngyòng,动,to be in common use
铜,tóng,名,copper
同伴,tóngbàn,名,companion
同行,tóngháng,动、名,to work in the same profession; colleague
童话,tónghuà,名,fairy tale
同类,tónglèi,形、名,similar; of the same kind
铜牌,tóngpái,名,bronze medal
痛快,tòngkuài,形,"joyful, delighted"
偷,tōu,动、副,to steal; stealthily
偷偷,tōutōu,副,"secretly, stealthily"
头脑,tóunǎo,名,"mind, brains"
投票,tóupiào,动,to vote
投诉,tóusù,动,to complain
投资,tóuzī,动、名,to invest; investment
透,tòu,动、形,"to penetrate, to pass through; thorough"
透过,tòuguò,动,through
透露,tòulù,动,to reveal
透明,tòumíng,形,transparent
突发,tūfā,动,"sudden, unexpected"
突破,tūpò,动,to break through
图案,tú’àn,名,"pattern, design"
图表,túbiǎo,名,"chart, diagram"
徒弟,túdì,名,apprentice
途径,tújìng,名,"way, channel"
图像,túxiàng,名,image
吐,tǔ,动,to spit
土壤,tǔrǎng,名,soil
吐,tù,动,to vomit
团结,tuánjié,动、形,to unite; united
团体,tuántǐ,名,group
团圆,tuányuán,动,to reunite
推测,tuīcè,动,"to speculate, to guess"
推销,tuīxiāo,动,to promote sales
推行,tuīxíng,动,"to carry out, to implement"
退税,tuìshuì,动,tax refund
吞,tūn,动,to swallow
拖,tuō,动,"to drag, to pull"
拖延,tuōyán,动,to delay
托运,tuōyùn,动,to check luggage
挖,wā,动,to dig
哇,wā,拟声,wow
娃娃,wáwa,名,"doll, baby"
歪,wāi,形,crooked
外表,wàibiǎo,名,"appearance, exterior"
外交,wàijiāo,名,diplomacy
外界,wàijiè,名,outside world
外科,wàikē,名,surgery
外来,wàilái,形,"external, foreign"
外甥,wàisheng,名,nephew
弯曲,wānqū,形,curved
顽强,wánqiáng,形,"tenacious, indomitable"
万物,wànwù,名,"all things, everything"
王子,wángzǐ,名,prince
网,wǎng,名、动,"net, network; to net"
往后,wǎnghòu,名,"from now on, later"
往来,wǎnglái,动,to come and go
往年,wǎngnián,名,past years
望,wàng,动,"to look at, to gaze"
危机,wēijī,名,crisis
微小,wēixiǎo,形,tiny
违规,wéiguī,动,to violate a rule
维护,wéihù,动,"to maintain, to uphold"
为难,wéinán,形、动,difficult; to make things difficult
围棋,wéiqí,名,Go
为期,wéiqī,动,"to be scheduled for, to last"
维生素,wéishēngsù,名,vitamin
为止,wéizhǐ,动,"up to, until"
委屈,wěiqu,形、动,wronged; to feel wronged
委托,wěituō,动,"to entrust, to commission"
未,wèi,副,"not yet, not"
未必,wèibì,副,"not necessarily, may not"
未成年人,wèichéngniánrén,名,minor
为此,wèicǐ,连,"for this reason, therefore"
为何,wèihé,副,"why, for what reason"
味觉,wèijué,名,sense of taste
胃又,wèikǒu,名,appetite
温和,wēnhé,形,"mild, gentle"
温柔,wēnróu,形,"gentle, tender"
文档,wéndàng,名,document
文具,wénjù,名,stationery
文科,wénkē,名,liberal arts
文明,wénmíng,名、形,civilization; civilized
闻名,wénmíng,动,famous
文物,wénwù,名,cultural relic
文献,wénxiàn,名,"document, literature"
文艺,wényì,名,literature and art
乌龟,wūguī,名,tortoise
污水,wūshuǐ,名,sewage
无所谓,wúsuǒwèi,动,"to be indifferent, not to matter"
无疑,wúyí,动,undoubtedly
武器,wǔqì,名,weapon
误,wù,动,"to mistake, to misunderstand"
误解,wùjiě,动、名,to misunderstand; misunderstanding
物体,wùtǐ,名,"object, body"
吸取,xīqǔ,动,to absorb
媳妇,xífu,名,daughter-in-law
习俗,xísú,名,custom
喜剧,xǐjù,名,comedy
喜事,xǐshì,名,happy event
洗漱,xǐshù,动,to wash
细胞,xìbāo,名,cell
细菌,xìjūn,名,bacteria
系列,xìliè,名,series
戏曲,xìqǔ,名,traditional opera
细致,xìzhì,形,"meticulous, careful"
吓,xià,动,to frighten
下功夫,xià gōngfu,,"to put in effort, to work hard"
下单,xiàdān,动,to place an order
夏令营,xiàlìngyíng,名,summer camp
下线,xiàxiàn,动,to go offline
下旬,xiàxún,名,late part of the month
鲜明,xiānmíng,形,"bright, distinct"
先前,xiānqián,名,previously
鲜艳,xiānyàn,形,"bright, vivid"
嫌,xián,动,"to suspect, to dislike"
显,xiǎn,形、动,obvious; to show
险,xiǎn,形、副,dangerous; nearly
显著,xiǎnzhù,形,"significant, remarkable"
限,xiàn,动,to limit
线,xiàn,名、量,"thread, line; measure word for lines"
现存,xiàncún,动,existing
限度,xiàndù,名,limit
现货,xiànhuò,名,spot goods
陷入,xiànrù,动,"to fall into, to be caught in"
线索,xiànsuǒ,名,clue
限于,xiànyú,动,to be limited to
相差,xiāngchà,动,"to differ, to be different"
香肠,xiāngcháng,名,sausage
相传,xiāngchuán,动,"to hand down, to pass on"
相等,xiāngděng,动,to be equal
相连,xiānglián,动,to be connected
香水,xiāngshuǐ,名,perfume
相应,xiāngyìng,动,"to correspond, to match"
项链,xiàngliàn,名,necklace
象棋,xiàngqí,名,Chinese chess
相声,xiàngsheng,名,crosstalk
向往,xiàngwǎng,动,to yearn for
消除,xiāochú,动,to eliminate
消毒,xiāodú,动,to disinfect
消防,xiāofáng,动,firefighting
消耗,xiāohào,动,to consume
消灭,xiāomiè,动,to annihilate
小麦,xiǎomài,名,wheat
小气,xiǎoqi,形,stingy
小偷儿,xiǎotōur,名,thief
笑容,xiàoróng,名,smile
效应,xiàoyìng,名,effect
歇,xiē,动,to rest
携带,xiédài,动,to carry
协会,xiéhuì,名,association
协调,xiétiáo,形、动,coordinated; to coordinate
协助,xiézhù,动,to assist
心爱,xīn’ài,形,beloved
心底,xīndǐ,名,bottom of the heart
新款,xīnkuǎn,名,new style
心灵,xīnlíng,名,"heart, soul"
新媒体,xīnméitǐ,名,new media
心目,xīnmù,名,mind's eye
新能源,xīnnéngyuán,名,new energy
薪水,xīnshui,名,salary
心疼,xīnténg,动,to feel distressed
新兴,xīnxīng,形,emerging
新颖,xīnyǐng,形,"novel, innovative"
心愿,xīnyuàn,名,"wish, desire"
心脏,xīnzàng,名,heart
信赖,xìnlài,动,to trust
信念,xìnniàn,名,"faith, belief"
兴起,xīngqǐ,动,"to rise, to spring up"
型号,xínghào,名,"model, type"
形态,xíngtài,名,"form, shape"
性价比,xìngjiàbǐ,名,cost-performance ratio
性能,xìngnéng,名,performance
胸,xiōng,名,chest
修订,xiūdìng,动,to revise
修复,xiūfù,动,to repair
袖子,xiùzi,名,sleeve
许可,xǔkě,动,to permit
叙述,xùshù,动,"to narrate, to describe"
旋转,xuánzhuǎn,动,"to rotate, to revolve"
选拔,xuǎnbá,动,"to select, to choose"
选修,xuǎnxiū,动,elective course
学会,xuéhuì,名,"learned society, institute"
学位,xuéwèi,名,academic degree
学问,xuéwen,名,knowledge
学员,xuéyuán,名,student
血管,xuèguǎn,名,blood vessel
血型,xuèxíng,名,blood type
血压,xuèyā,名,blood pressure
血液,xuèyè,名,blood
循环,xúnhuán,动,to circulate
寻求,xúnqiú,动,to seek
压缩,yāsuō,动,to compress
亚军,yàjūn,名,runner-up
淹,yān,动,"to flood, to submerge"
淹没,yānmò,动,"to drown, to submerge"
严,yán,形,strict
沿海,yánhǎi,名,coastal area
严寒,yánhán,形,severe cold
严禁,yánjìn,动,strictly prohibit
严厉,yánlì,形,"severe, harsh"
延期,yánqī,动,to postpone
炎热,yánrè,形,"hot, scorching"
延伸,yánshēn,动,to extend
研讨,yántǎo,动,"to discuss, to deliberate"
延续,yánxù,动,to continue
言语,yányǔ,名,"speech, language"
炎症,yánzhèng,名,inflammation
眼光,yǎnguāng,名,"vision, sight, judgment"
眼看,yǎnkàn,副、动,"soon, in a moment; to see something happen"
演奏,yǎnzòu,动,to perform
宴会,yànhuì,名,banquet
验证,yànzhèng,动,to verify
仰,yǎng,动,to look up
痒,yǎng,形,itchy
养老,yǎnglǎo,动,to provide for the elderly
养老院,yǎnglǎoyuàn,名,nursing home
氧气,yǎngqì,名,oxygen
样,yàng,量,"measure word for kinds, types"
遥远,yáoyuǎn,形,distant
要点,yàodiǎn,名,key point
要么,yàome,连,either... or...
要素,yàosù,名,"essential element, factor"
野,yě,形,wild
也好,yěhǎo,助,"that's fine, or"
野生,yěshēng,形,wild
野外,yěwài,名,"outdoors, open country"
业,yè,后缀,"suffix meaning industry, trade"
液体,yètǐ,名,liquid
依旧,yījiù,动、副,"to remain; still, as before"
依赖,yīlài,动,to rely on
一流,yīliú,形,first-class
衣食住行,yī-shí-zhù-xíng,,basic necessities of life
医药,yīyào,名,medicine
一一,yīyī,副,one by one
姨,yí,名,aunt
一辈子,yíbèizi,名,a lifetime
遗产,yíchǎn,名,heritage
遗传,yíchuán,动,to inherit
一带,yídài,名,"region, area"
一道,yídào,副,together
一贯,yíguàn,形,"consistent, unswerving"
疑惑,yíhuò,动、名,to doubt; doubt
一律,yílǜ,副,"uniform, all alike; without exception"
移民,yímín,动、名,to immigrate; immigrant
仪器,yíqì,名,"instrument, apparatus"
仪式,yíshì,名,"ceremony, rite"
一向,yíxiàng,副,"always, consistently"
一系列,yíxìliè,形,a series of
一再,yízài,副,"repeatedly, time and again"
一阵,yízhèn,数量,"a period of, a burst of"
遗址,yízhǐ,名,"ruins, historical site"
以便,yǐbiàn,连,"so that, in order to"
以免,yǐmiǎn,连,"so as not to, lest"
以往,yǐwǎng,名,in the past
异常,yìcháng,形、副,"unusual, abnormal; extremely"
益处,yìchù,名,"benefit, advantage"
一帆风顺,yìfān-fēngshùn,,"plain sailing, smooth going"
一又气,yìkǒuqì,副,"in one breath, without a break"
议论,yìlùn,动、名,"to discuss, to comment; discussion"
一模一样,yìmú-yíyàng,,exactly the same
艺人,yìrén,名,"artist, performer"
一身,yìshēn,名,whole body
一时,yìshí,名、副,temporarily; for a moment
一同,yìtóng,副,"together, along with"
易于,yìyú,动,to be easy to
抑制,yìzhì,动,"to suppress, to inhibit"
因,yīn,介、连,because; due to
音节,yīnjié,名,syllable
银,yín,名,silver
银牌,yínpái,名,silver medal
引,yǐn,动,"to lead, to guide"
隐藏,yǐncáng,动,"to hide, to conceal"
引导,yǐndǎo,动,"to guide, to lead"
引发,yǐnfā,动,"to trigger, to cause"
引入,yǐnrù,动,to introduce
隐私,yǐnsī,名,privacy
饮用水,yǐnyòngshuǐ,名,drinking water
印,yìn,名、动,"seal, stamp; to print"
婴儿,yīng’ér,名,baby
英雄,yīngxióng,名,hero
影子,yǐngzi,名,shadow
拥挤,yōngjǐ,动、形,crowded; to crowd
涌现,yǒngxiàn,动,"to emerge, to appear"
勇于,yǒngyú,动,to be brave enough to
用餐,yòngcān,动,to have a meal
用处,yòngchù,名,"use, value"
用功,yònggōng,动、形,to be diligent; diligent
用人,yòngrén,动,to employ someone
用心,yòngxīn,形,"attentively, with concentration"
优化,yōuhuà,动,to optimize
优先,yōuxiān,动,priority
优异,yōuyì,形,excellent
由来,yóulái,名,"origin, history"
游人,yóurén,名,tourist
犹如,yóurú,动,"like, as if"
有机,yǒujī,形,organic
有劲,yǒujìn,动、形,"energetic, vigorous; to be strong"
有序,yǒuxù,形,orderly
于,yú,介,"in, at, to"
余额,yú’é,名,"balance, remainder"
与其,yǔqí,连,rather than
羽绒服,yǔróngfú,名,down jacket
预定,yùdìng,动,"to book, to reserve"
预料,yùliào,动、名,to predict; prediction
预期,yùqī,动,"to expect, to anticipate"
浴室,yùshì,名,bathroom
欲望,yùwàng,名,desire
原本,yuánběn,副,"originally, at first"
原材料,yuáncáiliào,名,raw material
原理,yuánlǐ,名,principle
原料,yuánliào,名,raw material
园林,yuánlín,名,"garden, landscape"
圆满,yuánmǎn,形,"satisfactory, successful"
原始,yuánshǐ,形,"primitive, original"
元素,yuánsù,名,element
原先,yuánxiān,名,"former, original"
元宵,yuánxiāo,名,"sweet dumplings, Yuanxiao"
源于,yuányú,动,to originate from
远程,yuǎnchéng,形,"long-distance, remote"
远方,yuǎnfāng,名,distant place
约束,yuēshù,动,"to restrain, to bind"
月光,yuèguāng,名,moonlight
乐器,yuèqì,名,musical instrument
月球,yuèqiú,名,moon
乐曲,yuèqǔ,名,musical composition
晕,yūn,形、动,dizzy; to faint
晕车,yùnchē,动,to get carsick
运送,yùnsòng,动,to transport
运行,yùnxíng,动,to operate
运营,yùnyíng,动,to operate
杂,zá,形,"miscellaneous, mixed"
灾,zāi,名,disaster
灾害,zāihài,名,calamity
灾难,zāinàn,名,catastrophe
灾区,zāiqū,名,disaster area
再三,zàisān,副,"repeatedly, over and over again"
再生,zàishēng,动,"to regenerate, to recycle"
在意,zàiyì,动,"to care about, to mind"
赞赏,zànshǎng,动,"to admire, to appreciate"
赞同,zàntóng,动,"to agree, to approve"
遭到,zāodào,动,"to suffer, to meet with"
遭受,zāoshòu,动,"to suffer, to endure"
遭遇,zāoyù,动、名,"to encounter; fate, luck"
噪声,zàoshēng,名,noise
造型,zàoxíng,动、名,"modeling, design; to style"
则1,zé,连、(助),"then, or; (auxiliary particle)"
扎,zhā,动,"to prick, to stab"
炸,zhà,动,"to explode, to blast"
粘,zhān,动,"to stick, to glue"
粘贴,zhāntiē,动,"to stick, to paste"
崭新,zhǎnxīn,形,brand-new
占比,zhànbǐ,名,"proportion, percentage"
战斗,zhàndòu,名、动,"battle, fight; to fight"
占据,zhànjù,动,to occupy
战胜,zhànshèng,动,to defeat
占有,zhànyǒu,动,"to own, to hold"
战争,zhànzhēng,名,war
章,zhāng,量,measure word for chapters
长辈,zhǎngbèi,名,elder generation
障碍,zhàng’ài,名、动,obstacle; to hinder
账单,zhàngdān,名,"bill, check"
招,zhāo,动,"to recruit, to attract"
招待,zhāodài,动,to entertain
招生,zhāoshēng,动,to recruit students
招手,zhāoshǒu,动,to wave
招收,zhāoshōu,动,"to hire, to recruit"
照明,zhàomíng,动,lighting
折,zhé,动,"to break, to fold"
针,zhēn,名,needle
真相,zhēnxiàng,名,truth
珍珠,zhēnzhū,名,pearl
枕头,zhěntou,名,pillow
镇,zhèn,动、名,to guard; town
阵雨,zhènyǔ,名,shower rain
睁,zhēng,动,to open
争吵,zhēngchǎo,动,"to quarrel, to argue"
争夺,zhēngduó,动,"to fight for, to compete for"
争论,zhēnglùn,动,"to debate, to argue"
征求,zhēngqiú,动,"to solicit, to seek"
争议,zhēngyì,动,"dispute, controversy; to dispute"
政策,zhèngcè,名,policy
正规,zhèngguī,形,"regular, formal"
正面,zhèngmiàn,名、形,"front side; positive, direct"
证实,zhèngshí,动,"to confirm, to verify"
正义,zhèngyì,名、形,justice; just
症状,zhèngzhuàng,名,symptom
支2,zhī,动,to support
枝,zhī,名、量,"branch; measure word for long, thin objects"
支撑,zhīchēng,动,to support
支出,zhīchū,动、名,to pay out; expenditure
脂肪,zhīfáng,名,fat
之所以,zhīsuǒyǐ,连,the reason why
值班,zhíbān,动,to be on duty
职位,zhíwèi,名,"position, post"
职务,zhíwù,名,"duties, job"
职员,zhíyuán,名,"office worker, staff"
职责,zhízé,名,"responsibility, duty"
侄子,zhízi,名,nephew
只得,zhǐdé,副,"can only, have to"
指定,zhǐdìng,动,"to designate, to appoint"
只顾,zhǐgù,副,"to be only concerned with, to solely attend to"
指挥,zhǐhuī,动、名,"to command; command, direction"
指示,zhǐshì,动、名,to instruct; instruction
指责,zhǐzé,动,"to accuse, to criticize"
制,zhì,动,"to produce, to manufacture"
至关重要,zhìguān-,,crucially important
智力,zhìlì,名,intelligence
治理,zhìlǐ,动,"to govern, to manage"
制品,zhìpǐn,名,product
秩序,zhìxù,名,"order, discipline"
质疑,zhìyí,动,"to question, to doubt"
至于,zhìyú,动、介,"to go so far as to; as for, as to"
中等,zhōngděng,形,"medium, moderate"
终点,zhōngdiǎn,名,"end point, destination"
中断,zhōngduàn,动,to interrupt
终身,zhōngshēn,名,"lifelong, entire life"
钟头,zhōngtóu,名,hour
中旬,zhōngxún,名,middle ten days of a month
中央,zhōngyāng,名,center
肿,zhǒng,动,to swell
中,zhòng,动,"to hit, to be hit by"
种地,zhòngdì,动,"to farm, to cultivate land"
中毒,zhòngdú,动,to be poisoned
中奖,zhòngjiǎng,动,to win a prize
众人,zhòngrén,名,"crowd, everyone"
中暑,zhòngshǔ,名、动,heatstroke; to suffer heatstroke
众所周知,zhòngsuǒzhōuzhī,,as everyone knows
重心,zhòngxīn,名,"center of gravity, core"
州,zhōu,名,"prefecture, state"
粥,zhōu,名,porridge
周边,zhōubiān,名,"surrounding area, periphery"
周到,zhōudào,形,"thoughtful, considerate"
周期,zhōuqī,名,"cycle, period"
株,zhū,量,measure word for plants
珠宝,zhūbǎo,名,"jewelry, gems"
诸多,zhūduō,形,"many, numerous"
主办,zhǔbàn,动,"to host, to sponsor"
主播,zhǔbō,动、名,to host a live stream; live streamer
主导,zhǔdǎo,动、名,"to lead, to guide; leadership"
主管,zhǔguǎn,动、名,to be in charge; supervisor
主角,zhǔjué,名,"leading role, protagonist"
主流,zhǔliú,名,mainstream
主演,zhǔyǎn,动、名,to star in; lead actor
主张,zhǔzhāng,动、名,"to advocate; view, stance"
祝福,zhùfú,动,to bless
助理,zhùlǐ,形、名,assisting; assistant
助手,zhùshǒu,名,"assistant, helper"
祝愿,zhùyuàn,动,"to wish, to express good wishes"
住宅,zhùzhái,名,residence
著作,zhùzuò,名,"work, writing"
砖,zhuān,名,brick
专科,zhuānkē,名,"specialized subject, specialty"
专利,zhuānlì,名,patent
专题,zhuāntí,名,special topic
专用,zhuānyòng,动,"dedicated, specialized"
专注,zhuānzhù,形,"concentrated, focused"
转换,zhuǎnhuàn,动,"to convert, to transform"
转交,zhuǎnjiāo,动,"to pass on, to hand over"
转让,zhuǎnràng,动,to transfer
转身,zhuǎnshēn,动,to turn around
转移,zhuǎnyí,动,"to transfer, to shift"
转,zhuàn,动,"to turn, to revolve"
转动,zhuàndòng,动,"to rotate, to spin"
装备,zhuāngbèi,动、名,to equip; equipment
庄稼,zhuāngjia,名,crops
追究,zhuījiū,动,"to investigate, to look into"
捉,zhuō,动,"to catch, to capture"
资本,zīběn,名,capital
资产,zīchǎn,名,assets
自豪,zìháo,形,"proud, self-respecting"
自来水,zìláishuǐ,名,"running water, tap water"
自律,zìlǜ,动,self-discipline
字幕,zìmù,名,"subtitles, captions"
自杀,zìshā,动,to commit suicide
自我,zìwǒ,代,"self, oneself"
自言自语,zìyán-zìyǔ,,to talk to oneself
自愿,zìyuàn,动,to be willing
自助,zìzhù,动,self-service
棕色,zōngsè,名,brown color
总裁,zǒngcái,名,"CEO, president"
总计,zǒngjì,动,"to total, to sum up"
总理,zǒnglǐ,名,"premier, prime minister"
总算,zǒngsuàn,副,"finally, at last"
粽子,zòngzi,名,"zongzi, sticky rice dumpling"
走廊,zǒuláng,名,corridor
足,zú,形、副,"foot, sufficient; sufficiently, fully"
足以,zúyǐ,动,"sufficient to, enough to"
阻碍,zǔ’ài,动、名,"to hinder, to obstruct; obstacle"
阻挡,zǔdǎng,动,"to block, to stop"
祖国,zǔguó,名,motherland
祖先,zǔxiān,名,ancestors
钻,zuān,动,"to drill, to go into"
罪,zuì,名,"crime, guilt"
